Sequence	Count	Percentage
CTAATAGATGCTCTATTGGGAGACCCTCAGTGTGATGGCTTCCAAAACAA	3538	0.9875371582487823
ATCTGGGACAGGCCCCGTATGTGATCCTGTTTACATTTTGGAATGGTTTG	2813	0.7851729864764909
TCTCTGTACACATCGTGGTCATAAGTTCCATTTCTGATTGATCCTATGCA	2803	0.7823817565210109
GTCCCAGATATGTTAAGCAAAACACTCTGAAATTGGCAACAGGAATGAGA	2496	0.6966909968877786
CTATTGGGAGACCCTCAGTGTGATGGCTTCCAAAACAAGAAATGGGACCT	2280	0.6364004298494131
GAGTAAGGAATATCCCTAGCAGAGTAAGCATCTATTGGACAATAGTAAAA	1711	0.4775794453826078
GTACACATCGTGGTCATAAGTTCCATTTCTGATTGATCCTATGCAGGCAT	1677	0.46808926353397623
TCCTTACTCTGGGTCTAGATCCGATATTCGGAATTACAGCTTGTTGGCTT	1558	0.43487362706376564
CCCTTATGATGTGCCGGATTATGCCTCCCTTAGGTCACTAGTTGCCTCAT	1463	0.4083569424867068
GAATCACAGTATCTACCAAAAGAAGCCAACAAGCTGTAATTCCGAATATC	1409	0.3932843007271154
GTCCTGAATTCTCCCTTCGACTTCTGAGAATTCTTTTTCAATCTGATGGA	1399	0.39049307077163553
TCTGTACACATCGTGGTCATAAGTTCCATTTCTGATTGATCCTATGCAGG	1341	0.3743039370298522
GCTAGGGATATTCCTTACTCTGGGTCTAGATCCGATATTCGGAATTACAG	1326	0.3701170920966324
ATCCTATGCAGGCATTGTCACATTTGTGGTATATTTTGAAACAACCATTG	1291	0.3603477872524528
GTTTTACTATTGTCCAATAGATGCTTACTCTGCTAGGGATATTCCTTACT	1249	0.3486246214394373
TCATAAGGGTAACAGTTGCTGTGGGCTTTGCTTCGTTCAACAAAAAGGTC	1242	0.34667076047060136
CTATTAACCATGAAGACTATCATTGCTTTGAGCTACATTCTATGTCTGGT	1234	0.3444377765062175
GTCCAATAGATGCTTACTCTGCTAGGGATATTCCTTACTCTGGGTCTAGA	1232	0.3438795305151215
GTCCTCATCAGATCCTTGATGGAGAAAACTGCACACTAATAGATGCTCTA	1218	0.33997180857744963
ATCCCTAGCAGAGTAAGCATCTATTGGACAATAGTAAAACCGGGAGACAT	1143	0.31903758391135056
CTATTGGACAATAGTAAAACCGGGAGACATACTTTTGATTAACAGCACAG	1124	0.31373424699593877
GTGCCAAACGGAACGATAGTGAAAACAATCACGAATGACCAAATTGAAGT	1113	0.3106638940449109
TGCTTACTCTGCTAGGGATATTCCTTACTCTGGGTCTAGATCCGATATTC	1095	0.3056396801250471
ATCTATTAGTGTGCAGTTTTCTCCATCAAGGATCTGATGAGGACTGTTGC	1082	0.30201108118292325
ATTTTAGTGTCCTCAACATATTTCTCAAGGTCCTGAATTCTCCCTTCGAC	1077	0.3006154662051833
GCATTGAACGTGACTATGCCAAACAATGAACAATTTGACAAATTGTACAT	1061	0.2961494982764155
ATTCAGGACCTTGAGAAATATGTTGAGGACACTAAAATAGATCTCTGGTC	1050	0.29307914532538765
GAGTAAGCATCTATTGGACAATAGTAAAACCGGGAGACATACTTTTGATT	1047	0.29224177633874365
CCTTATGCAAGCAGAGCTTGTTCCGTTTTGAGTGACTCCAGTCCAATTGA	1035	0.2888923003921678
GTATGTGATCCTGTTTACATTTTGGAATGGTTTGTCATTGGGAATGCTTC	1023	0.2855428244455919
GAACGTGACTATGCCAAACAATGAACAATTTGACAAATTGTACATTTGGG	993	0.2771691345791523
ATGCAGGCATTGTCACATTTGTGGTATATTTTGAAACAACCATTGCCCAT	978	0.27298228964593246
GTCCGTACCCGGGTGGTGAACCCCCCAAATGTACAATTTGTCAAATTGTT	974	0.2718657976637405
GGCCCCGTATGTGATCCTGTTTACATTTTGGAATGGTTTGTCATTGGGAA	971	0.2710284286770966
ATTGGGAGACCCTCAGTGTGATGGCTTCCAAAACAAGAAATGGGACCTTT	968	0.2701910596904526
ATATGCAACAGTCCTCATCAGATCCTTGATGGAGAAAACTGCACACTAAT	952	0.2657250917616848
GTCTAGATCCGATATTCGGAATTACAGCTTGTTGGCTTCTTTTGGTAGAT	940	0.26237561581510893
CCCTCAGTGTGATGGCTTCCAAAACAAGAAATGGGACCTTTTTGTTGAAC	926	0.25846789387743707
GGATAATTCTATTAACCATGAAGACTATCATTGCTTTGAGCTACATTCTA	924	0.25790964788634113
TACGGGGCCTGTCCCAGATATGTTAAGCAAAACACTCTGAAATTGGCAAC	922	0.25735140189524514
GGTACGGACAAGGACCAAATCTTCCTGTATGCTCAAGCAGCAGGAAGAAT	920	0.25679315590414914
CCCTTAGGTCACTAGTTGCCTCATCCGGCACACTGGAGTTTAACAATGAA	918	0.2562349099130532
CTTGGGCACCATGCAGTGCCAAACGGAACGATAGTGAAAACAATCACGAA	885	0.24702385105996957
CCCATATCCTCAGCATTTTCCCTCAGTTGCTTCTTTGTTTTTTCAAACAA	883	0.2464656050688736
GTATGACCAGAGATCTATTTTAGTGTCCTCAACATATTTCTCAAGGTCCT	882	0.2461864820733256
ACATTCTATGTCTGGTTTTCGCTCAAAAACTTCCTGGAAATGACAACAGC	880	0.24562823608222964
CTGTACACATCGTGGTCATAAGTTCCATTTCTGATTGATCCTATGCAGGC	879	0.24534911308668164
CCCCTAGGAGCAATTAGATTCCCTGTGCTGTTAATCAAAAGTATGTCTCC	871	0.24311612912229774
GGATTATGCCTCCCTTAGGTCACTAGTTGCCTCATCCGGCACACTGGAGT	866	0.2417205141445578
GAATAGATTGATCGGGAAAACCAACGAGAAATTCCATCAGATTGAAAAAG	859	0.23976665317572188
GATCTAGACCCAGAGTAAGGAATATCCCTAGCAGAGTAAGCATCTATTGG	855	0.23865016119352994
CATACGGGGCCTGTCCCAGATATGTTAAGCAAAACACTCTGAAATTGGCA	849	0.236975423220242
GTTCACCACCCGGGTACGGACAAGGACCAAATCTTCCTGTATGCTCAAGC	828	0.23111384031373425
TTGTATGACCAGAGATCTATTTTAGTGTCCTCAACATATTTCTCAAGGTC	818	0.22832261035825435
CACTAATAGATGCTCTATTGGGAGACCCTCAGTGTGATGGCTTCCAAAAC	808	0.22553138040277448
ATCACATACGGGGCCTGTCCCAGATATGTTAAGCAAAACACTCTGAAATT	805	0.22469401141613052
AAATATGCCTCTAGTTTGTTTCTCTGGTACATTTCTCATTCCTGTTGCCA	799	0.22301927344284259
CTGCTAGGGATATTCCTTACTCTGGGTCTAGATCCGATATTCGGAATTAC	788	0.21994892049181472
AATCTATTCAGCTTCCCATTGATTTGATCGATTGCTGCTTGAGTGCTTTT	787	0.21966979749626672
CATTTGGAGTGATGCATGCAGAATTGCATTTGCCAATGGGTGCATCTGAT	785	0.21911155150517075
ATTAGATTCCCTGTGCTGTTAATCAAAAGTATGTCTCCCGGTTTTACTAT	785	0.21911155150517075
GTCACGTTCAATGCTGGGTATTTGAAGTTTAAGTGGGTCAACCAATTCAA	781	0.2179950595229788
GTGTGATGGCTTCCAAAACAAGAAATGGGACCTTTTTGTTGAACGAAGCA	779	0.21743681353188282
GTACCAACCATCCACCATTCCCTCCCAACCATTTTCTATGAAACCAGCTA	778	0.21715769053633482
CACTAAAATAGATCTCTGGTCATACAACGCGGAGCTTCTTGTTGCCCTGG	775	0.21632032154969086
CTACTGAGCTGGTTCAGAGTTCCTCAACAGGTGAAATATGCAACAGTCCT	764	0.213249968598663
ATCCGGCACACTGGAGTTTAACAATGAAAGCTTCAATTGGACTGGAGTCA	761	0.21241259961201903
GCCTGAAACCGTACCAACCATCCACCATTCCCTCCCAACCATTTTCTATG	759	0.21185435362092306
TAGTAAAACCGGGAGACATACTTTTGATTAACAGCACAGGGAATCTAATT	753	0.21017961564763513
CTGTTACCCTTATGATGTGCCGGATTATGCCTCCCTTAGGTCACTAGTTG	747	0.2085048776743472
ATGCAGTGCCAAACGGAACGATAGTGAAAACAATCACGAATGACCAAATT	744	0.20766750868770323
ATGCCAAACAATGAACAATTTGACAAATTGTACATTTGGGGGGTTCACCA	739	0.2062718937099633
CTCCAAATGGAAGCATTCCCAATGACAAACCATTCCAAAATGTAAACAGG	722	0.2015268027856475
ATTGCTGCTTGAGTGCTTTTGAGATCTGCTGCTTGTCCCCTTCCCTCAGA	716	0.19985206481235956
GCATAAGGAGATCTAATAATAGTTTCTTTAGTAGATTGAATTGGTTGACC	711	0.19845644983461963
GGCATATTTGGTGCAATAGCTGGTTTCATAGAAAATGGTTGGGAGGGAAT	703	0.19622346587023573
GTTTCAGGCATCAAAATTCTGAGGGAAGGGGACAAGCAGCAGATCTCAAA	699	0.19510697388804377
ATGTGATCCTGTTTACATTTTGGAATGGTTTGTCATTGGGAATGCTTCCA	696	0.1942696049013998
CTATTATTAGATCTCCTTATGCAAGCAGAGCTTGTTCCGTTTTGAGTGAC	695	0.1939904819058518
GTTCAATGCTGGGTATTTGAAGTTTAAGTGGGTCAACCAATTCAATCTAC	693	0.19343223591475583
CCCCGTATGTGATCCTGTTTACATTTTGGAATGGTTTGTCATTGGGAATG	691	0.19287398992365987
GTTCCTCAACAGGTGAAATATGCAACAGTCCTCATCAGATCCTTGATGGA	690	0.19259486692811187
TTCTATGTCTGGTTTTCGCTCAAAAACTTCCTGGAAATGACAACAGCACG	690	0.19259486692811187
GAGCTACATTCTATGTCTGGTTTTCGCTCAAAAACTTCCTGGAAATGACA	687	0.1917574979414679
GAATTGCATTTGCCAATGGGTGCATCTGATCTCATTATTGAGCTTTTCCC	684	0.19092012895482394
ACCATCCACCATTCCCTCCCAACCATTTTCTATGAAACCAGCTATTGCAC	681	0.19008275996817997
GTTTGGCATAGTCACGTTCAATGCTGGGTATTTGAAGTTTAAGTGGGTCA	681	0.19008275996817997
GCCTTGGGCACCATGCAGTGCCAAACGGAACGATAGTGAAAACAATCACG	681	0.19008275996817997
AAGCAACACAAAGCAAAAAACATGATATGGCAAAGGAAATCCATAGGATC	673	0.18784977600379607
CTTCAAATACCCAGCATTGAACGTGACTATGCCAAACAATGAACAATTTG	659	0.18394205406612424
GTATCTACCAAAAGAAGCCAACAAGCTGTAATTCCGAATATCGGATCTAG	656	0.18310468507948027
CCCTAGCAGAGTAAGCATCTATTGGACAATAGTAAAACCGGGAGACATAC	654	0.1825464390883843
CTATTTTAGTGTCCTCAACATATTTCTCAAGGTCCTGAATTCTCCCTTCG	646	0.18031345512400038
AGCAGCAATCGATCAAATCAATGGGAAGCTGAATAGATTGATCGGGAAAA	646	0.18031345512400038
TATCTGGGACAGGCCCCGTATGTGATCCTGTTTACATTTTGGAATGGTTT	644	0.1797552091329044
GTACAGAGATGAAGCATTAAACAACCGATTCCAGATCAAGGGAGTTGAGC	644	0.1797552091329044
CCATGAAGACTATCATTGCTTTGAGCTACATTCTATGTCTGGTTTTCGCT	639	0.17835959415516447
GCCCATATCCTCAGCATTTTCCCTCAGTTGCTTCTTTGTTTTTTCAAACA	637	0.1778013481640685
GTAGAAACAAGGGTGTTTTTAATTAATGCACTCAAATGCAAATGTTGCAC	634	0.17696397917742454
AAACAAGGGTGTTTTTAATTAATGCACTCAAATGCAAATGTTGCACCTAA	626	0.1747309952130406
GTGCCGGATGAGGCAACTAGTGACCTAAGGGAGGCATAATCCGGCACATC	623	0.17389362622639667
GGCCCACATGATGAACCCCAACAAAGCAACACAAAGCAAAAAACATGATA	620	0.1730562572397527
ATTCTATTAACCATGAAGACTATCATTGCTTTGAGCTACATTCTATGTCT	618	0.1724980112486567
GGTAGATACTGTGATTCTTCCTGCTGCTTGAGCATACAGGAAGATTTGGT	613	0.17110239627091678
GGATCACATACGGGGCCTGTCCCAGATATGTTAAGCAAAACACTCTGAAA	613	0.17110239627091678
CTTTTGAGATCTGCTGCTTGTCCCCTTCCCTCAGAATTTTGATGCCTGAA	604	0.16859028931098488
GTTTAATGCTTCATCTCTGTACACATCGTGGTCATAAGTTCCATTTCTGA	604	0.16859028931098488
CTTATGATGTGCCGGATTATGCCTCCCTTAGGTCACTAGTTGCCTCATCC	603	0.1683111663154369
ATTGTGTGTTGGTTCTCCAGGGCAACAAGAAGCTCCGCGTTGTATGACCA	603	0.1683111663154369
GTATTAGTAGAAACAAGGGTGTTTTTAATTAATGCACTCAAATGCAAATG	602	0.1680320433198889
GCTTTGAGCTACATTCTATGTCTGGTTTTCGCTCAAAAACTTCCTGGAAA	602	0.1680320433198889
GGTTGGTACGGTTTCAGGCATCAAAATTCTGAGGGAAGGGGACAAGCAGC	599	0.16719467433324495
TCTCAAAAGCACTCAAGCAGCAATCGATCAAATCAATGGGAAGCTGAATA	598	0.16691555133769695
GTTTTTAATTAATGCACTCAAATGCAAATGTTGCACCTAATGTTGCCTTT	596	0.16635730534660098
GTCATTGGGAATGCTTCCATTTGGAGTGATGCATGCAGAATTGCATTTGC	595	0.16607818235105298
GATCAGATGCACCCATTGGCAAATGCAATTCTGCATGCATCACTCCAAAT	587	0.16384519838666908
GCACCATGCAGTGCCAAACGGAACGATAGTGAAAACAATCACGAATGACC	587	0.16384519838666908
GAATCTAATTGCTCCTAGGGGTTACTTCAAAATACGAAGTGGGAAAAGCT	586	0.16356607539112109
CATCTGATCTCATTATTGAGCTTTTCCCACTTCGTATTTTGAAGTAACCC	585	0.16328695239557312
GACAAGGACCAAATCTTCCTGTATGCTCAAGCAGCAGGAAGAATCACAGT	582	0.16244958340892915
TCCTTATGCAAGCAGAGCTTGTTCCGTTTTGAGTGACTCCAGTCCAATTG	582	0.16244958340892915
TGCATAAGGAGATCTAATAATAGTTTCTTTAGTAGATTGAATTGGTTGAC	579	0.16161221442228518
TTTGGGGGGTTCACCACCCGGGTACGGACAAGGACCAAATCTTCCTGTAT	571	0.15937923045790128
TGACTATGCCAAACAATGAACAATTTGACAAATTGTACATTTGGGGGGTT	564	0.15742536948906535
GACTATCATTGCTTTGAGCTACATTCTATGTCTGGTTTTCGCTCAAAAAC	563	0.15714624649351736
TCACAGTATCTACCAAAAGAAGCCAACAAGCTGTAATTCCGAATATCGGA	559	0.15602975451132542
CTCCCAATAGAGCATCTATTAGTGTGCAGTTTTCTCCATCAAGGATCTGA	553	0.1543550165380375
GTGGATGGTTGGTACGGTTTCAGGCATCAAAATTCTGAGGGAAGGGGACA	553	0.1543550165380375
ATACTGTGATTCTTCCTGCTGCTTGAGCATACAGGAAGATTTGGTCCTTG	551	0.15379677054694152
CTAAAATAGATCTCTGGTCATACAACGCGGAGCTTCTTGTTGCCCTGGAG	551	0.15379677054694152
GGATATGGGCAATGGTTGTTTCAAAATATACCACAAATGTGACAATGCCT	546	0.15240115556920156
TCCCTGTGCTGTTAATCAAAAGTATGTCTCCCGGTTTTACTATTGTCCAA	543	0.1515637865825576
GTTTGTCATTGGGAATGCTTCCATTTGGAGTGATGCATGCAGAATTGCAT	543	0.1515637865825576
GGTTCAGAGTTCCTCAACAGGTGAAATATGCAACAGTCCTCATCAGATCC	535	0.1493308026181737
GTGGTGAACCCCCCAAATGTACAATTTGTCAAATTGTTCATTGTTTGGCA	533	0.14877255662707772
ATAGTAAAACCGGGAGACATACTTTTGATTAACAGCACAGGGAATCTAAT	532	0.14849343363152973
GGATATTCCTTACTCTGGGTCTAGATCCGATATTCGGAATTACAGCTTGT	532	0.14849343363152973
ATTCCTTACTCTGGGTCTAGATCCGATATTCGGAATTACAGCTTGTTGGC	531	0.14821431063598176
GCACAGGGAATCTAATTGCTCCTAGGGGTTACTTCAAAATACGAAGTGGG	531	0.14821431063598176
ACATATTTCTCAAGGTCCTGAATTCTCCCTTCGACTTCTGAGAATTCTTT	529	0.14765606464488576
ACCATGAAGACTATCATTGCTTTGAGCTACATTCTATGTCTGGTTTTCGC	529	0.14765606464488576
GAATTGGTTGACCCACTTAAACTTCAAATACCCAGCATTGAACGTGACTA	528	0.1473769416493378
ATGCAACAGTCCTCATCAGATCCTTGATGGAGAAAACTGCACACTAATAG	527	0.1470978186537898
CTATCATTGCTTTGAGCTACATTCTATGTCTGGTTTTCGCTCAAAAACTT	527	0.1470978186537898
GGGTAACAGTTGCTGTGGGCTTTGCTTCGTTCAACAAAAAGGTCCCATTT	516	0.14402746570276193
CTTCATCTCTGTACACATCGTGGTCATAAGTTCCATTTCTGATTGATCCT	512	0.14291097372056996
CCCAATGACAAACCATTCCAAAATGTAAACAGGATCACATACGGGGCCTG	511	0.142631850725022
GTGCCGGATTATGCCTCCCTTAGGTCACTAGTTGCCTCATCCGGCACACT	511	0.142631850725022
CTTTAGTAGATTGAATTGGTTGACCCACTTAAACTTCAAATACCCAGCAT	508	0.14179448173837803
ACCCAGCATTGAACGTGACTATGCCAAACAATGAACAATTTGACAAATTG	508	0.14179448173837803
ACTCCAGTCCAATTGAAGCTTTCATTGTTAAACTCCAGTGTGCCGGATGA	506	0.14123623574728203
ACCTAAGGGAGGCATAATCCGGCACATCATAAGGGTAACAGTTGCTGTGG	504	0.14067798975618606
GTGTACAGAGATGAAGCATTAAACAACCGATTCCAGATCAAGGGAGTTGA	499	0.13928237477844613
GTATTTGAAGTTTAAGTGGGTCAACCAATTCAATCTACTAAAGAAACTAT	497	0.13872412878735016
GTCCTTGTCCGTACCCGGGTGGTGAACCCCCCAAATGTACAATTTGTCAA	497	0.13872412878735016
CACTGGAGTTTAACAATGAAAGCTTCAATTGGACTGGAGTCACTCAAAAC	496	0.13844500579180216
ACCTAATGTTGCCTTTTTGGCAGGCCCACATGATGAACCCCAACAAAGCA	495	0.13816588279625416
GGAATATCCCTAGCAGAGTAAGCATCTATTGGACAATAGTAAAACCGGGA	491	0.13704939081406223
ATTGTACATTTGGGGGGTTCACCACCCGGGTACGGACAAGGACCAAATCT	491	0.13704939081406223
CGGCAACGCTGTGCCTTGGGCACCATGCAGTGCCAAACGGAACGATAGTG	490	0.13677026781851423
GCTTAACATATCTGGGACAGGCCCCGTATGTGATCCTGTTTACATTTTGG	490	0.13677026781851423
GCATAGTCACGTTCAATGCTGGGTATTTGAAGTTTAAGTGGGTCAACCAA	487	0.13593289883187026
GGGTGCATCTGATCTCATTATTGAGCTTTTCCCACTTCGTATTTTGAAGT	487	0.13593289883187026
TACTAATGCTACTGAGCTGGTTCAGAGTTCCTCAACAGGTGAAATATGCA	486	0.13565377583632227
GCATAGGATCAATCAGAAATGGAACTTATGACCACGATGTGTACAGAGAT	485	0.1353746528407743
GTTCAGAGTTCCTCAACAGGTGAAATATGCAACAGTCCTCATCAGATCCT	485	0.1353746528407743
ATGACAAACCATTCCAAAATGTAAACAGGATCACATACGGGGCCTGTCCC	484	0.1350955298452263
CTCAAGCAGCAATCGATCAAATCAATGGGAAGCTGAATAGATTGATCGGG	483	0.1348164068496783
AATCAATGGGAAGCTGAATAGATTGATCGGGAAAACCAACGAGAAATTCC	481	0.13425816085858233
GTGCCTTGGGCACCATGCAGTGCCAAACGGAACGATAGTGAAAACAATCA	479	0.13369991486748636
ATGCAATTCTGCATGCATCACTCCAAATGGAAGCATTCCCAATGACAAAC	478	0.13342079187193837
GTCCTCAACATATTTCTCAAGGTCCTGAATTCTCCCTTCGACTTCTGAGA	475	0.1325834228852944
CAGCAACTGTTACCCTTATGATGTGCCGGATTATGCCTCCCTTAGGTCAC	474	0.13230429988974643
CTCCAGGGCAACAAGAAGCTCCGCGTTGTATGACCAGAGATCTATTTTAG	473	0.13202517689419843
GGACTGGAGTCACTCAAAACGGAACAAGCTCTGCTTGCATAAGGAGATCT	473	0.13202517689419843
CTCCTAGGGGTTACTTCAAAATACGAAGTGGGAAAAGCTCAATAATGAGA	471	0.13146693090310246
GTCATACAACGCGGAGCTTCTTGTTGCCCTGGAGAACCAACACACAATTG	470	0.13118780790755447
CTTTTGGTAGATACTGTGATTCTTCCTGCTGCTTGAGCATACAGGAAGAT	469	0.13090868491200647
ACATATCTGGGACAGGCCCCGTATGTGATCCTGTTTACATTTTGGAATGG	468	0.1306295619164585
CTGCTTGAGTGCTTTTGAGATCTGCTGCTTGTCCCCTTCCCTCAGAATTT	464	0.12951306993426653
ATGTACAATTTGTCAAATTGTTCATTGTTTGGCATAGTCACGTTCAATGC	457	0.1275592089654306
GTAAGGAATATCCCTAGCAGAGTAAGCATCTATTGGACAATAGTAAAACC	455	0.12700096297433464
CTTTGTACCCTGACTTCAGCTCAACTCCCTTGATCTGGAATCGGTTGTTT	455	0.12700096297433464
TCATTGCTTTGAGCTACATTCTATGTCTGGTTTTCGCTCAAAAACTTCCT	449	0.1253262250010467
CTTCCATTTGGAGTGATGCATGCAGAATTGCATTTGCCAATGGGTGCATC	447	0.12476797900995074
CTACTAAAGAAACTATTATTAGATCTCCTTATGCAAGCAGAGCTTGTTCC	447	0.12476797900995074
CTCCAGTCCAATTGAAGCTTTCATTGTTAAACTCCAGTGTGCCGGATGAG	446	0.12448885601440275
CCCTTCGACTTCTGAGAATTCTTTTTCAATCTGATGGAATTTCTCGTTGG	446	0.12448885601440275
ATTCAGCTTCCCATTGATTTGATCGATTGCTGCTTGAGTGCTTTTGAGAT	446	0.12448885601440275
CAGATGCACCCATTGGCAAATGCAATTCTGCATGCATCACTCCAAATGGA	445	0.12420973301885475
CACTGAGGGTCTCCCAATAGAGCATCTATTAGTGTGCAGTTTTCTCCATC	445	0.12420973301885475
GATCAATTGTGTGTTGGTTCTCCAGGGCAACAAGAAGCTCCGCGTTGTAT	444	0.12393061002330677
CTAGTTGCCTCATCCGGCACACTGGAGTTTAACAATGAAAGCTTCAATTG	444	0.12393061002330677
GATGAGGACTGTTGCATATTTCACCTGTTGAGGAACTCTGAACCAGCTCA	442	0.12337236403221079
CATCATAAGGGTAACAGTTGCTGTGGGCTTTGCTTCGTTCAACAAAAAGG	436	0.12169762605892287
TTTGAGATCTGCTGCTTGTCCCCTTCCCTCAGAATTTTGATGCCTGAAAC	434	0.12113938006782689
GACTGGAGTCACTCAAAACGGAACAAGCTCTGCTTGCATAAGGAGATCTA	434	0.12113938006782689
CCACCATTCCCTCCCAACCATTTTCTATGAAACCAGCTATTGCACCAAAT	431	0.12030201108118292
GTTGGTACGGTTTCAGGCATCAAAATTCTGAGGGAAGGGGACAAGCAGCA	429	0.11974376509008694
CCTAAGGGAGGCATAATCCGGCACATCATAAGGGTAACAGTTGCTGTGGG	427	0.11918551909899097
TAACAGCACAGGGAATCTAATTGCTCCTAGGGGTTACTTCAAAATACGAA	424	0.118348150112347
ATTATTAGATCTCCTTATGCAAGCAGAGCTTGTTCCGTTTTGAGTGACTC	424	0.118348150112347
ACCATTGCCCATATCCTCAGCATTTTCCCTCAGTTGCTTCTTTGTTTTTT	424	0.118348150112347
GGTTTGTCATTGGGAATGCTTCCATTTGGAGTGATGCATGCAGAATTGCA	421	0.11751078112570304
GAACAAGCTCTGCTTGCATAAGGAGATCTAATAATAGTTTCTTTAGTAGA	420	0.11723165813015506
CCCTAGGAGCAATTAGATTCCCTGTGCTGTTAATCAAAAGTATGTCTCCC	418	0.11667341213905907
TCTCATTCCTGTTGCCAATTTCAGAGTGTTTTGCTTAACATATCTGGGAC	418	0.11667341213905907
GTGCTGTTAATCAAAAGTATGTCTCCCGGTTTTACTATTGTCCAATAGAT	418	0.11667341213905907
AATAGATGCTCTATTGGGAGACCCTCAGTGTGATGGCTTCCAAAACAAGA	416	0.1161151661479631
TCCTAGGGGTTACTTCAAAATACGAAGTGGGAAAAGCTCAATAATGAGAT	416	0.1161151661479631
CCATTGATTTGATCGATTGCTGCTTGAGTGCTTTTGAGATCTGCTGCTTG	412	0.11499867416577114
ATGTTAAGCAAAACACTCTGAAATTGGCAACAGGAATGAGAAATGTACCA	409	0.11416130517912718
CCCCCCAAATGTACAATTTGTCAAATTGTTCATTGTTTGGCATAGTCACG	404	0.11276569020138724
ATGTAAACAGGATCACATACGGGGCCTGTCCCAGATATGTTAAGCAAAAC	403	0.11248656720583926
ATGCTACTGAGCTGGTTCAGAGTTCCTCAACAGGTGAAATATGCAACAGT	402	0.11220744421029126
ATTCTGCATGCATCACTCCAAATGGAAGCATTCCCAATGACAAACCATTC	399	0.1113700752236473
CCTCAACATATTTCTCAAGGTCCTGAATTCTCCCTTCGACTTCTGAGAAT	397	0.11081182923255133
GCACGGCAACGCTGTGCCTTGGGCACCATGCAGTGCCAAACGGAACGATA	396	0.11053270623700334
GGGTCTAGATCCGATATTCGGAATTACAGCTTGTTGGCTTCTTTTGGTAG	396	0.11053270623700334
AGTAGAAACAAGGGTGTTTTTAATTAATGCACTCAAATGCAAATGTTGCA	395	0.11025358324145534
GCCCACAGCAACTGTTACCCTTATGATGTGCCGGATTATGCCTCCCTTAG	394	0.10997446024590736
CTGGTCATACAACGCGGAGCTTCTTGTTGCCCTGGAGAACCAACACACAA	394	0.10997446024590736
GTACGGTTTCAGGCATCAAAATTCTGAGGGAAGGGGACAAGCAGCAGATC	394	0.10997446024590736
CTGTGATTCTTCCTGCTGCTTGAGCATACAGGAAGATTTGGTCCTTGTCC	393	0.10969533725035938
GCTCTATTGGGAGACCCTCAGTGTGATGGCTTCCAAAACAAGAAATGGGA	393	0.10969533725035938
GCTTGTCCCCTTCCCTCAGAATTTTGATGCCTGAAACCGTACCAACCATC	392	0.10941621425481138
ATGCAGAATTGCATTTGCCAATGGGTGCATCTGATCTCATTATTGAGCTT	391	0.1091370912592634
ACACACAATTGATCTAACTGACTCAGAAATGAACAAATTGTTTGAAAAAA	390	0.10885796826371541
CCCTTGATCTGGAATCGGTTGTTTAATGCTTCATCTCTGTACACATCGTG	390	0.10885796826371541
GTTAAACTCCAGTGTGCCGGATGAGGCAACTAGTGACCTAAGGGAGGCAT	389	0.10857884526816741
CCTAGGGGTTACTTCAAAATACGAAGTGGGAAAAGCTCAATAATGAGATC	385	0.10746235328597546
AAACCGTACCAACCATCCACCATTCCCTCCCAACCATTTTCTATGAAACC	385	0.10746235328597546
GATGCACCCATTGGCAAATGCAATTCTGCATGCATCACTCCAAATGGAAG	383	0.1069041072948795
GCTACATTCTATGTCTGGTTTTCGCTCAAAAACTTCCTGGAAATGACAAC	380	0.10606673830823553
GCTGTGCCTTGGGCACCATGCAGTGCCAAACGGAACGATAGTGAAAACAA	378	0.10550849231713955
ATGCTGGGTATTTGAAGTTTAAGTGGGTCAACCAATTCAATCTACTAAAG	378	0.10550849231713955
ATCTAATTGCTCCTAGGGGTTACTTCAAAATACGAAGTGGGAAAAGCTCA	373	0.10411287733939961
GTGCAATAGCTGGTTTCATAGAAAATGGTTGGGAGGGAATGGTGGATGGT	372	0.10383375434385161
CAATTAGATTCCCTGTGCTGTTAATCAAAAGTATGTCTCCCGGTTTTACT	372	0.10383375434385161
GGTCACTAGTTGCCTCATCCGGCACACTGGAGTTTAACAATGAAAGCTTC	372	0.10383375434385161
CACTTAAACTTCAAATACCCAGCATTGAACGTGACTATGCCAAACAATGA	371	0.10355463134830363
GTGCATCTGATCTCATTATTGAGCTTTTCCCACTTCGTATTTTGAAGTAA	371	0.10355463134830363
GATCTATTTTAGTGTCCTCAACATATTTCTCAAGGTCCTGAATTCTCCCT	370	0.10327550835275565
TTATTGAGCTTTTCCCACTTCGTATTTTGAAGTAACCCCTAGGAGCAATT	370	0.10327550835275565
GTTTAAGTGGGTCAACCAATTCAATCTACTAAAGAAACTATTATTAGATC	367	0.10243813936611168
CATCAGATCCTTGATGGAGAAAACTGCACACTAATAGATGCTCTATTGGG	366	0.10215901637056368
CTACCAAAAGAAGCCAACAAGCTGTAATTCCGAATATCGGATCTAGACCC	366	0.10215901637056368
TAATAATAGTTTCTTTAGTAGATTGAATTGGTTGACCCACTTAAACTTCA	363	0.10132164738391973
ACAAGAAGCTCCGCGTTGTATGACCAGAGATCTATTTTAGTGTCCTCAAC	363	0.10132164738391973
CTATTGCACCAAATATGCCTCTAGTTTGTTTCTCTGGTACATTTCTCATT	362	0.10104252438837173
